startId,endId
id,usfm
id,ide
id,h
id,h1
id,h2
id,h3
h,toc1
h1,toc1
h2,toc1
h3,toc1
id,toc1
h,toc2
h1,toc2
h2,toc2
h3,toc2
id,toc2
h,toc3
h1,toc3
h2,toc3
h3,toc3
id,toc3
h,toca1
h1,toca1
h2,toca1
h3,toca1
h,toca2
h1,toca2
h2,toca2
h3,toca2
h,toca3
h1,toca3
h2,toca3
h3,toca3
id,rem
ide,rem
c,rem
id,sts
ide,sts
c,sts
id,restore
id,imt
id,imt1
id,imt2
id,imt3
id,imt4
id,imte
id,imte1
id,imte2
id,is
id,is1
id,is2
id,iot
id,io
id,io1
id,io2
id,io3
id,io4
id,ior
io,ior
io1,ior
io2,ior
io3,ior
io4,ior
NEST,ior
id,ip
id,im
id,ipi
id,imi
id,ili
id,ili1
id,ili2
id,ipq
id,imq
id,ipr
id,ib
id,iq
id,iq1
id,iq2
id,iq3
id,iex
c,iex
imt,iqt
imt1,iqt
imt2,iqt
imt3,iqt
imt4,iqt
ib,iqt
ie,iqt
ili,iqt
ili1,iqt
ili2,iqt
im,iqt
imi,iqt
imq,iqt
io,iqt
io1,iqt
io2,iqt
io3,iqt
io4,iqt
iot,iqt
ip,iqt
ipi,iqt
ipq,iqt
ipr,iqt
iq,iqt
iq1,iqt
iq2,iqt
iq3,iqt
is,iqt
is1,iqt
is2,iqt
imte,iqt
imte1,iqt
imte2,iqt
iex,iqt
id,ie
id,c
c,ca
c,cp
id,cl
c,cl
ms,cl
ms1,cl
ms2,cl
ms3,cl
mr,cl
c,cd
lh,v
li,v
li1,v
li2,v
li3,v
li4,v
lf,v
lim,v
lim1,v
lim2,v
lim3,v
lim4,v
m,v
mi,v
nb,v
p,v
pc,v
ph,v
phi,v
pi,v
pi1,v
pi2,v
pi3,v
pr,v
pmo,v
pm,v
pmc,v
pmr,v
po,v
q,v
q1,v
q2,v
q3,v
q4,v
qc,v
qr,v
qd,v
qm,v
qm1,v
qm2,v
qm3,v
tr,v
tc1,v
tc2,v
tc3,v
tc4,v
tcr1,v
tcr2,v
tcr3,v
tcr4,v
s3,v
d,v
sp,v
lh,va
li,va
li1,va
li2,va
li3,va
li4,va
lf,va
lim,va
lim1,va
lim2,va
lim3,va
lim4,va
m,va
mi,va
nb,va
p,va
pc,va
ph,va
phi,va
pi,va
pi1,va
pi2,va
pi3,va
pr,va
pmo,va
pm,va
pmc,va
pmr,va
po,va
q,va
q1,va
q2,va
q3,va
q4,va
qc,va
qr,va
qd,va
qm,va
qm1,va
qm2,va
qm3,va
tr,va
tc1,va
tc2,va
tc3,va
tc4,va
tcr1,va
tcr2,va
tcr3,va
tcr4,va
s3,va
d,va
sp,va
cd,vp
lh,vp
li,vp
li1,vp
li2,vp
li3,vp
li4,vp
lf,vp
lim,vp
lim1,vp
lim2,vp
lim3,vp
lim4,vp
m,vp
mi,vp
nb,vp
p,vp
pc,vp
ph,vp
phi,vp
pi,vp
pi1,vp
pi2,vp
pi3,vp
pr,vp
pmo,vp
pm,vp
pmc,vp
pmr,vp
po,vp
q,vp
q1,vp
q2,vp
q3,vp
q4,vp
qc,vp
qr,vp
qd,vp
qm,vp
qm1,vp
qm2,vp
qm3,vp
tr,vp
tc1,vp
tc2,vp
tc3,vp
tc4,vp
tcr1,vp
tcr2,vp
tcr3,vp
tcr4,vp
s3,vp
d,vp
sp,vp
c,p
c,m
c,po
c,pr
c,cls
m,pmo
mi,pmo
nb,pmo
p,pmo
pc,pmo
ph,pmo
phi,pmo
pi,pmo
pi1,pmo
pi2,pmo
pi3,pmo
pr,pmo
po,pmo
q,pmo
q1,pmo
q2,pmo
q3,pmo
q4,pmo
qc,pmo
qr,pmo
b,pmo
s1,pmo
s2,pmo
s3,pmo
s4,pmo
m,pm
mi,pm
nb,pm
p,pm
pc,pm
ph,pm
phi,pm
pi,pm
pi1,pm
pi2,pm
pi3,pm
pr,pm
po,pm
psi,pm
q,pm
q1,pm
q2,pm
q3,pm
q4,pm
qc,pm
qr,pm
b,pm
s1,pm
s2,pm
s3,pm
s4,pm
m,pmc
mi,pmc
nb,pmc
p,pmc
pc,pmc
ph,pmc
phi,pmc
pi,pmc
pi1,pmc
pi2,pmc
pi3,pmc
pr,pmc
po,pmc
q,pmc
q1,pmc
q2,pmc
q3,pmc
q4,pmc
qc,pmc
qr,pmc
b,pmc
s1,pmc
s2,pmc
s3,pmc
s4,pmc
li,pmr
li1,pmr
li2,pmr
li3,pmr
li4,pmr
lim,pmr
lim1,pmr
lim2,pmr
lim3,pmr
lim4,pmr
m,pmr
mi,pmr
nb,pmr
p,pmr
pc,pmr
ph,pmr
phi,pmr
pi,pmr
pi1,pmr
pi2,pmr
pi3,pmr
pr,pmr
po,pmr
q,pmr
q1,pmr
q2,pmr
q3,pmr
q4,pmr
qc,pmr
qr,pmr
b,pmr
s1,pmr
s2,pmr
s3,pmr
s4,pmr
c,pi
c,pi1
c,pi2
c,pi3
c,pc
c,mi
c,nb
c,q
c,q1
c,q2
c,q3
c,q4
c,qc
c,qr
q,qs
q1,qs
q2,qs
q3,qs
q4,qs
qc,qs
qr,qs
qd,qs
NEST,qs
c,qa
q,qac
q1,qac
q2,qac
q3,qac
q4,qac
qc,qac
qr,qac
NEST,qac
m,qm
mi,qm
nb,qm
p,qm
pc,qm
ph,qm
phi,qm
pi,qm
pi1,qm
pi2,qm
pi3,qm
pr,qm
q,qm
q1,qm
q2,qm
q3,qm
q4,qm
qc,qm
qr,qm
b,qm
m,qm1
mi,qm1
nb,qm1
p,qm1
pc,qm1
ph,qm1
phi,qm1
pi,qm1
pi1,qm1
pi2,qm1
pi3,qm1
pr,qm1
q,qm1
q1,qm1
q2,qm1
q3,qm1
q4,qm1
qc,qm1
qr,qm1
b,qm1
m,qm2
mi,qm2
nb,qm2
p,qm2
pc,qm2
ph,qm2
phi,qm2
pi,qm2
pi1,qm2
pi2,qm2
pi3,qm2
pr,qm2
q,qm2
q1,qm2
q2,qm2
q3,qm2
q4,qm2
qc,qm2
qr,qm2
b,qm2
m,qm3
mi,qm3
nb,qm3
p,qm3
pc,qm3
ph,qm3
phi,qm3
pi,qm3
pi1,qm3
pi2,qm3
pi3,qm3
pr,qm3
q,qm3
q1,qm3
q2,qm3
q3,qm3
q4,qm3
qc,qm3
qr,qm3
b,qm3
c,qd
c,b
id,mt
id,mt1
id,mt2
id,mt3
id,mt4
c,mte
lh,mte1
li,mte1
li1,mte1
li2,mte1
li3,mte1
li4,mte1
lf,mte1
lim,mte1
lim1,mte1
lim2,mte1
lim3,mte1
lim4,mte1
m,mte1
mi,mte1
nb,mte1
p,mte1
pc,mte1
ph,mte1
phi,mte1
pi,mte1
pi1,mte1
pi2,mte1
pi3,mte1
pr,mte1
pmo,mte1
pm,mte1
pmc,mte1
pmr,mte1
po,mte1
q,mte1
q1,mte1
q2,mte1
q3,mte1
q4,mte1
qc,mte1
qr,mte1
qd,mte1
qm,mte1
qm1,mte1
qm2,mte1
qm3,mte1
tc1,mte1
tc2,mte1
tc3,mte1
tc4,mte1
s3,mte1
d,mte1
mte1,mte2
c,ms
c,ms1
c,ms2
c,ms3
ms,mr
ms1,mr
ms2,mr
ms3,mr
c,s
c,s1
c,s2
c,s3
c,s4
s,sr
s1,sr
s2,sr
s3,sr
s4,sr
c,r
s,r
s1,r
s2,r
s3,r
s4,r
c,sp
c,d
c,sd
c,sd1
c,sd2
c,sd3
c,sd4
c,tr
tr,th1
tr,th2
tr,th3
tr,th4
tr,th5
tr,th6
tr,th7
tr,th8
tr,th9
tr,th10
tr,th11
tr,th12
tr,tc1
tr,tc2
tr,tc3
tr,tc4
tr,tc5
tr,tc6
tr,tc7
tr,tc8
tr,tc9
tr,tc10
tr,tc11
tr,tc12
tr,thc1
tr,thc2
tr,thc3
tr,thc4
tr,thc5
tr,thc6
tr,thc7
tr,thc8
tr,thc9
tr,thc10
tr,thc11
tr,thc12
tr,tcc1
tr,tcc2
tr,tcc3
tr,tcc4
tr,tcc5
tr,tcc6
tr,tcc7
tr,tcc8
tr,tcc9
tr,tcc10
tr,tcc11
tr,tcc12
tr,thr1
tr,thr2
tr,thr3
tr,thr4
tr,thr5
tr,thr6
tr,thr7
tr,thr8
tr,thr9
tr,thr10
tr,thr11
tr,thr12
tr,tcr1
tr,tcr2
tr,tcr3
tr,tcr4
tr,tcr5
tr,tcr6
tr,tcr7
tr,tcr8
tr,tcr9
tr,tcr10
tr,tcr11
tr,tcr12
c,lh
c,li
c,li1
c,li2
c,li3
c,li4
c,lf
c,lim
c,lim1
c,lim2
c,lim3
c,lim4
li,litl
li1,litl
li2,litl
li3,litl
li4,litl
lim,litl
lim1,litl
lim2,litl
lim3,litl
lim4,litl
NEST,litl
li,lik
li1,lik
li2,lik
li3,lik
li4,lik
lim,lik
lim1,lik
lim2,lik
lim3,lik
lim4,lik
NEST,lik
li,liv
li1,liv
li2,liv
li3,liv
li4,liv
lim,liv
lim1,liv
lim2,liv
lim3,liv
lim4,liv
NEST,liv
li,liv1
li1,liv1
li2,liv1
li3,liv1
li4,liv1
lim,liv1
lim1,liv1
lim2,liv1
lim3,liv1
lim4,liv1
NEST,liv1
li,liv2
li1,liv2
li2,liv2
li3,liv2
li4,liv2
lim,liv2
lim1,liv2
lim2,liv2
lim3,liv2
lim4,liv2
NEST,liv2
li,liv3
li1,liv3
li2,liv3
li3,liv3
li4,liv3
lim,liv3
lim1,liv3
lim2,liv3
lim3,liv3
lim4,liv3
NEST,liv3
li,liv4
li1,liv4
li2,liv4
li3,liv4
li4,liv4
lim,liv4
lim1,liv4
lim2,liv4
lim3,liv4
lim4,liv4
NEST,liv4
li,liv5
li1,liv5
li2,liv5
li3,liv5
li4,liv5
lim,liv5
lim1,liv5
lim2,liv5
lim3,liv5
lim4,liv5
NEST,liv5
c,f
cp,f
lh,f
li,f
li1,f
li2,f
li3,f
li4,f
lf,f
lim,f
lim1,f
lim2,f
lim3,f
lim4,f
m,f
mi,f
nb,f
p,f
pc,f
ph,f
phi,f
pi,f
pi1,f
pi2,f
pi3,f
pr,f
pmo,f
pm,f
pmc,f
pmr,f
po,f
q,f
q1,f
q2,f
q3,f
q4,f
qc,f
qr,f
qd,f
qm,f
qm1,f
qm2,f
qm3,f
qs,f
sp,f
tc1,f
tc2,f
tc3,f
tc4,f
mt,f
mt1,f
mt2,f
mt3,f
ms,f
ms1,f
ms2,f
ms3,f
s,f
s1,f
s2,f
s3,f
d,f
ip,f
c,fe
lh,fe
li,fe
li1,fe
li2,fe
li3,fe
li4,fe
lf,fe
lim,fe
lim1,fe
lim2,fe
lim3,fe
lim4,fe
m,fe
mi,fe
nb,fe
p,fe
pc,fe
ph,fe
phi,fe
pi,fe
pi1,fe
pi2,fe
pi3,fe
pr,fe
pmo,fe
pm,fe
pmc,fe
pmr,fe
po,fe
q,fe
q1,fe
q2,fe
q3,fe
q4,fe
qc,fe
qr,fe
qd,fe
qm,fe
qm1,fe
qm2,fe
qm3,fe
sp,fe
tc1,fe
tc2,fe
tc3,fe
tc4,fe
ms,fe
ms1,fe
ms2,fe
ms3,fe
s,fe
s1,fe
s2,fe
s3,fe
d,fe
ip,fe
f,fr
fe,fr
f,ft
fe,ft
f,fk
fe,fk
f,fq
fe,fq
f,fqa
fe,fqa
f,fl
fe,fl
f,fw
fe,fw
f,fp
fe,fp
f,fv
fe,fv
f,fdc
fe,fdc
lh,fm
li,fm
li1,fm
li2,fm
li3,fm
li4,fm
lf,fm
lim,fm
lim1,fm
lim2,fm
lim3,fm
lim4,fm
m,fm
mi,fm
nb,fm
p,fm
pc,fm
ph,fm
phi,fm
pi,fm
pi1,fm
pi2,fm
pi3,fm
pr,fm
pmo,fm
pm,fm
pmc,fm
pmr,fm
po,fm
q,fm
q1,fm
q2,fm
q3,fm
q4,fm
qc,fm
qr,fm
qd,fm
qm,fm
qm1,fm
qm2,fm
qm3,fm
sp,fm
tc1,fm
tc2,fm
tc3,fm
tc4,fm
ms,fm
ms1,fm
ms2,fm
s,fm
s1,fm
s2,fm
s3,fm
d,fm
ip,fm
lh,x
li,x
li1,x
li2,x
li3,x
li4,x
lf,x
lim,x
lim1,x
lim2,x
lim3,x
lim4,x
m,x
mi,x
nb,x
p,x
pc,x
ph,x
phi,x
pi,x
pi1,x
pi2,x
pi3,x
pr,x
pmo,x
pm,x
pmc,x
pmr,x
po,x
q,x
q1,x
q2,x
q3,x
q4,x
qc,x
qr,x
qd,x
qm,x
qm1,x
qm2,x
qm3,x
qs,x
sp,x
tc1,x
tc2,x
tc3,x
tc4,x
mt,x
mt1,x
mt2,x
mt3,x
ms,x
ms1,x
ms2,x
s,x
s1,x
s2,x
s3,x
d,x
x,xo
x,xop
ip,xt
im,xt
ipi,xt
imi,xt
ipq,xt
imq,xt
ipr,xt
iq,xt
iq1,xt
iq2,xt
iq3,xt
io,xt
io1,xt
io2,xt
io3,xt
io4,xt
ms,xt
ms1,xt
ms2,xt
s,xt
s1,xt
s2,xt
s3,xt
s4,xt
cd,xt
sp,xt
d,xt
lh,xt
li,xt
li1,xt
li2,xt
li3,xt
li4,xt
lf,xt
lim,xt
lim1,xt
lim2,xt
lim3,xt
lim4,xt
m,xt
mi,xt
nb,xt
p,xt
pc,xt
ph,xt
phi,xt
pi,xt
pi1,xt
pi2,xt
pi3,xt
pr,xt
pmo,xt
pm,xt
pmc,xt
pmr,xt
po,xt
q,xt
q1,xt
q2,xt
q3,xt
q4,xt
qc,xt
qr,xt
qd,xt
qm,xt
qm1,xt
qm2,xt
qm3,xt
tr,xt
th1,xt
th2,xt
th3,xt
th4,xt
thr1,xt
thr2,xt
thr3,xt
thr4,xt
tc1,xt
tc2,xt
tc3,xt
tc4,xt
tcr1,xt
tcr2,xt
tcr3,xt
tcr4,xt
f,xt
fe,xt
x,xt
ef,xt
ex,xt
NEST,xt
x,xta
x,xk
x,xq
x,xot
x,xnt
x,xdc
lh,rq
li,rq
li1,rq
li2,rq
li3,rq
li4,rq
lf,rq
lim,rq
lim1,rq
lim2,rq
lim3,rq
lim4,rq
m,rq
mi,rq
nb,rq
p,rq
pc,rq
ph,rq
phi,rq
pi,rq
pi1,rq
pi2,rq
pi3,rq
pr,rq
pmo,rq
pm,rq
pmc,rq
pmr,rq
po,rq
q,rq
q1,rq
q2,rq
q3,rq
q4,rq
qc,rq
qr,rq
qd,rq
qm,rq
qm1,rq
qm2,rq
qm3,rq
NEST,rq
ip,qt
im,qt
ipi,qt
imi,qt
ipq,qt
imq,qt
ipr,qt
iq,qt
iq1,qt
iq2,qt
iq3,qt
io,qt
io1,qt
io2,qt
io3,qt
io4,qt
ms,qt
ms1,qt
ms2,qt
s,qt
s1,qt
s2,qt
s3,qt
s4,qt
cd,qt
sp,qt
d,qt
lh,qt
li,qt
li1,qt
li2,qt
li3,qt
li4,qt
lf,qt
lim,qt
lim1,qt
lim2,qt
lim3,qt
lim4,qt
m,qt
mi,qt
nb,qt
p,qt
pc,qt
ph,qt
phi,qt
pi,qt
pi1,qt
pi2,qt
pi3,qt
pr,qt
pmo,qt
pm,qt
pmc,qt
pmr,qt
po,qt
q,qt
q1,qt
q2,qt
q3,qt
q4,qt
qc,qt
qr,qt
qd,qt
qm,qt
qm1,qt
qm2,qt
qm3,qt
tr,qt
th1,qt
th2,qt
th3,qt
th4,qt
thr1,qt
thr2,qt
thr3,qt
thr4,qt
tc1,qt
tc2,qt
tc3,qt
tc4,qt
tcr1,qt
tcr2,qt
tcr3,qt
tcr4,qt
f,qt
fe,qt
NEST,qt
ip,nd
im,nd
ipi,nd
imi,nd
ipq,nd
imq,nd
ipr,nd
iq,nd
iq1,nd
iq2,nd
iq3,nd
io,nd
io1,nd
io2,nd
io3,nd
io4,nd
ms,nd
ms1,nd
ms2,nd
s,nd
s1,nd
s2,nd
s3,nd
s4,nd
cd,nd
sp,nd
d,nd
lh,nd
li,nd
li1,nd
li2,nd
li3,nd
li4,nd
lf,nd
lim,nd
lim1,nd
lim2,nd
lim3,nd
lim4,nd
m,nd
mi,nd
nb,nd
p,nd
pc,nd
ph,nd
phi,nd
pi,nd
pi1,nd
pi2,nd
pi3,nd
pr,nd
pmo,nd
pm,nd
pmc,nd
pmr,nd
po,nd
q,nd
q1,nd
q2,nd
q3,nd
q4,nd
qc,nd
qr,nd
qd,nd
qm,nd
qm1,nd
qm2,nd
qm3,nd
tr,nd
th1,nd
th2,nd
th3,nd
th4,nd
thr1,nd
thr2,nd
thr3,nd
thr4,nd
tc1,nd
tc2,nd
tc3,nd
tc4,nd
tcr1,nd
tcr2,nd
tcr3,nd
tcr4,nd
f,nd
fe,nd
NEST,nd
ip,tl
im,tl
ipi,tl
imi,tl
ipq,tl
imq,tl
ipr,tl
iq,tl
iq1,tl
iq2,tl
iq3,tl
io,tl
io1,tl
io2,tl
io3,tl
io4,tl
ms,tl
ms1,tl
ms2,tl
s,tl
s1,tl
s2,tl
s3,tl
s4,tl
cd,tl
sp,tl
d,tl
lh,tl
li,tl
li1,tl
li2,tl
li3,tl
li4,tl
lf,tl
lim,tl
lim1,tl
lim2,tl
lim3,tl
lim4,tl
m,tl
mi,tl
nb,tl
p,tl
pc,tl
ph,tl
phi,tl
pi,tl
pi1,tl
pi2,tl
pi3,tl
pr,tl
pmo,tl
pm,tl
pmc,tl
pmr,tl
po,tl
q,tl
q1,tl
q2,tl
q3,tl
q4,tl
qc,tl
qr,tl
qd,tl
qm,tl
qm1,tl
qm2,tl
qm3,tl
cls,tl
tr,tl
th1,tl
th2,tl
th3,tl
th4,tl
thr1,tl
thr2,tl
thr3,tl
thr4,tl
tc1,tl
tc2,tl
tc3,tl
tc4,tl
tcr1,tl
tcr2,tl
tcr3,tl
tcr4,tl
f,tl
fe,tl
NEST,tl
ip,dc
im,dc
ipi,dc
imi,dc
ipq,dc
imq,dc
ipr,dc
iq,dc
iq1,dc
iq2,dc
iq3,dc
io,dc
io1,dc
io2,dc
io3,dc
io4,dc
ms,dc
ms1,dc
ms2,dc
s,dc
s1,dc
s2,dc
s3,dc
s4,dc
cd,dc
sp,dc
d,dc
lh,dc
li,dc
li1,dc
li2,dc
li3,dc
li4,dc
lf,dc
lim,dc
lim1,dc
lim2,dc
lim3,dc
lim4,dc
m,dc
mi,dc
nb,dc
p,dc
pc,dc
ph,dc
phi,dc
pi,dc
pi1,dc
pi2,dc
pi3,dc
pr,dc
pmo,dc
pm,dc
pmc,dc
pmr,dc
po,dc
q,dc
q1,dc
q2,dc
q3,dc
q4,dc
qc,dc
qr,dc
qd,dc
qm,dc
qm1,dc
qm2,dc
qm3,dc
tr,dc
th1,dc
th2,dc
th3,dc
th4,dc
thr1,dc
thr2,dc
thr3,dc
thr4,dc
tc1,dc
tc2,dc
tc3,dc
tc4,dc
tcr1,dc
tcr2,dc
tcr3,dc
tcr4,dc
f,dc
fe,dc
NEST,dc
imt,bk
imt1,bk
imt2,bk
imt3,bk
imt4,bk
imte,bk
imte1,bk
imte2,bk
is,bk
is1,bk
is2,bk
ili,bk
ili1,bk
ili2,bk
ip,bk
im,bk
ipi,bk
imi,bk
ipq,bk
imq,bk
ipr,bk
iq,bk
iq1,bk
iq2,bk
iq3,bk
io,bk
io1,bk
io2,bk
io3,bk
io4,bk
ms,bk
ms1,bk
ms2,bk
s,bk
s1,bk
s2,bk
s3,bk
s4,bk
cd,bk
sp,bk
d,bk
lh,bk
li,bk
li1,bk
li2,bk
li3,bk
li4,bk
lf,bk
lim,bk
lim1,bk
lim2,bk
lim3,bk
lim4,bk
m,bk
mi,bk
nb,bk
p,bk
pc,bk
ph,bk
phi,bk
pi,bk
pi1,bk
pi2,bk
pi3,bk
pr,bk
pmo,bk
pm,bk
pmc,bk
pmr,bk
po,bk
q,bk
q1,bk
q2,bk
q3,bk
q4,bk
qc,bk
qr,bk
qd,bk
qm,bk
qm1,bk
qm2,bk
qm3,bk
tr,bk
th1,bk
th2,bk
th3,bk
th4,bk
thr1,bk
thr2,bk
thr3,bk
thr4,bk
tc1,bk
tc2,bk
tc3,bk
tc4,bk
tcr1,bk
tcr2,bk
tcr3,bk
tcr4,bk
f,bk
fe,bk
NEST,bk
ip,sig
im,sig
ipi,sig
imi,sig
ipq,sig
imq,sig
ipr,sig
iq,sig
iq1,sig
iq2,sig
iq3,sig
io,sig
io1,sig
io2,sig
io3,sig
io4,sig
ms,sig
ms1,sig
ms2,sig
s,sig
s1,sig
s2,sig
s3,sig
s4,sig
cd,sig
sp,sig
d,sig
lh,sig
li,sig
li1,sig
li2,sig
li3,sig
li4,sig
lf,sig
lim,sig
lim1,sig
lim2,sig
lim3,sig
lim4,sig
m,sig
mi,sig
nb,sig
p,sig
pc,sig
ph,sig
phi,sig
pi,sig
pi1,sig
pi2,sig
pi3,sig
pr,sig
pmo,sig
pm,sig
pmc,sig
pmr,sig
po,sig
q,sig
q1,sig
q2,sig
q3,sig
q4,sig
qc,sig
qr,sig
qd,sig
qm,sig
qm1,sig
qm2,sig
qm3,sig
cls,sig
tr,sig
th1,sig
th2,sig
th3,sig
th4,sig
thr1,sig
thr2,sig
thr3,sig
thr4,sig
tc1,sig
tc2,sig
tc3,sig
tc4,sig
tcr1,sig
tcr2,sig
tcr3,sig
tcr4,sig
f,sig
fe,sig
NEST,sig
ip,pn
im,pn
ipi,pn
imi,pn
ipq,pn
imq,pn
ipr,pn
iq,pn
iq1,pn
iq2,pn
iq3,pn
io,pn
io1,pn
io2,pn
io3,pn
io4,pn
ms,pn
ms1,pn
ms2,pn
s,pn
s1,pn
s2,pn
s3,pn
s4,pn
cd,pn
sp,pn
d,pn
lh,pn
li,pn
li1,pn
li2,pn
li3,pn
li4,pn
lf,pn
lim,pn
lim1,pn
lim2,pn
lim3,pn
lim4,pn
m,pn
mi,pn
nb,pn
p,pn
pc,pn
ph,pn
phi,pn
pi,pn
pi1,pn
pi2,pn
pi3,pn
pr,pn
pmo,pn
pm,pn
pmc,pn
pmr,pn
po,pn
q,pn
q1,pn
q2,pn
q3,pn
q4,pn
qc,pn
qr,pn
qd,pn
qm,pn
qm1,pn
qm2,pn
qm3,pn
cls,pn
tr,pn
th1,pn
th2,pn
th3,pn
th4,pn
thr1,pn
thr2,pn
thr3,pn
thr4,pn
tc1,pn
tc2,pn
tc3,pn
tc4,pn
tcr1,pn
tcr2,pn
tcr3,pn
tcr4,pn
f,pn
fe,pn
NEST,pn
ip,png
im,png
ipi,png
imi,png
ipq,png
imq,png
ipr,png
iq,png
iq1,png
iq2,png
iq3,png
io,png
io1,png
io2,png
io3,png
io4,png
ms,png
ms1,png
ms2,png
s,png
s1,png
s2,png
s3,png
s4,png
cd,png
sp,png
d,png
lh,png
li,png
li1,png
li2,png
li3,png
li4,png
lf,png
lim,png
lim1,png
lim2,png
lim3,png
lim4,png
m,png
mi,png
nb,png
p,png
pc,png
ph,png
phi,png
pi,png
pi1,png
pi2,png
pi3,png
pr,png
pmo,png
pm,png
pmc,png
pmr,png
po,png
q,png
q1,png
q2,png
q3,png
q4,png
qc,png
qr,png
qd,png
qm,png
qm1,png
qm2,png
qm3,png
cls,png
tr,png
th1,png
th2,png
th3,png
th4,png
thr1,png
thr2,png
thr3,png
thr4,png
tc1,png
tc2,png
tc3,png
tc4,png
tcr1,png
tcr2,png
tcr3,png
tcr4,png
f,png
fe,png
NEST,png
ip,addpn
im,addpn
ipi,addpn
imi,addpn
ipq,addpn
imq,addpn
ipr,addpn
iq,addpn
iq1,addpn
iq2,addpn
iq3,addpn
io,addpn
io1,addpn
io2,addpn
io3,addpn
io4,addpn
ms,addpn
ms1,addpn
ms2,addpn
s,addpn
s1,addpn
s2,addpn
s3,addpn
s4,addpn
cd,addpn
sp,addpn
d,addpn
lh,addpn
li,addpn
li1,addpn
li2,addpn
li3,addpn
li4,addpn
lf,addpn
lim,addpn
lim1,addpn
lim2,addpn
lim3,addpn
lim4,addpn
m,addpn
mi,addpn
nb,addpn
p,addpn
pc,addpn
ph,addpn
phi,addpn
pi,addpn
pi1,addpn
pi2,addpn
pi3,addpn
pr,addpn
pmo,addpn
pm,addpn
pmc,addpn
pmr,addpn
po,addpn
q,addpn
q1,addpn
q2,addpn
q3,addpn
q4,addpn
qc,addpn
qr,addpn
qd,addpn
qm,addpn
qm1,addpn
qm2,addpn
qm3,addpn
cls,addpn
tr,addpn
th1,addpn
th2,addpn
th3,addpn
th4,addpn
thr1,addpn
thr2,addpn
thr3,addpn
thr4,addpn
tc1,addpn
tc2,addpn
tc3,addpn
tc4,addpn
tcr1,addpn
tcr2,addpn
tcr3,addpn
tcr4,addpn
f,addpn
fe,addpn
NEST,addpn
ip,wj
im,wj
ipi,wj
imi,wj
ipq,wj
imq,wj
ipr,wj
iq,wj
iq1,wj
iq2,wj
iq3,wj
io,wj
io1,wj
io2,wj
io3,wj
io4,wj
ms,wj
ms1,wj
ms2,wj
s,wj
s1,wj
s2,wj
s3,wj
s4,wj
cd,wj
sp,wj
d,wj
lh,wj
li,wj
li1,wj
li2,wj
li3,wj
li4,wj
lf,wj
lim,wj
lim1,wj
lim2,wj
lim3,wj
lim4,wj
m,wj
mi,wj
nb,wj
p,wj
pc,wj
ph,wj
phi,wj
pi,wj
pi1,wj
pi2,wj
pi3,wj
pr,wj
pmo,wj
pm,wj
pmc,wj
pmr,wj
po,wj
q,wj
q1,wj
q2,wj
q3,wj
q4,wj
qc,wj
qr,wj
qd,wj
qm,wj
qm1,wj
qm2,wj
qm3,wj
tr,wj
th1,wj
th2,wj
th3,wj
th4,wj
thr1,wj
thr2,wj
thr3,wj
thr4,wj
tc1,wj
tc2,wj
tc3,wj
tc4,wj
tcr1,wj
tcr2,wj
tcr3,wj
tcr4,wj
f,wj
fe,wj
NEST,wj
ip,k
im,k
ipi,k
imi,k
ipq,k
imq,k
ipr,k
iq,k
iq1,k
iq2,k
iq3,k
io,k
io1,k
io2,k
io3,k
io4,k
ms,k
ms1,k
ms2,k
s,k
s1,k
s2,k
s3,k
s4,k
cd,k
sp,k
d,k
lh,k
li,k
li1,k
li2,k
li3,k
li4,k
lf,k
lim,k
lim1,k
lim2,k
lim3,k
lim4,k
m,k
mi,k
nb,k
p,k
pc,k
ph,k
phi,k
pi,k
pi1,k
pi2,k
pi3,k
pr,k
pmo,k
pm,k
pmc,k
pmr,k
po,k
q,k
q1,k
q2,k
q3,k
q4,k
qc,k
qr,k
qd,k
qm,k
qm1,k
qm2,k
qm3,k
tr,k
th1,k
th2,k
th3,k
th4,k
thr1,k
thr2,k
thr3,k
thr4,k
tc1,k
tc2,k
tc3,k
tc4,k
tcr1,k
tcr2,k
tcr3,k
tcr4,k
f,k
fe,k
NEST,k
lh,sls
li,sls
li1,sls
li2,sls
li3,sls
li4,sls
lf,sls
lim,sls
lim1,sls
lim2,sls
lim3,sls
lim4,sls
m,sls
mi,sls
nb,sls
p,sls
pc,sls
ph,sls
phi,sls
pi,sls
pi1,sls
pi2,sls
pi3,sls
pr,sls
pmo,sls
pm,sls
pmc,sls
pmr,sls
po,sls
q,sls
q1,sls
q2,sls
q3,sls
q4,sls
qc,sls
qr,sls
qd,sls
qm,sls
qm1,sls
qm2,sls
qm3,sls
sp,sls
tr,sls
th1,sls
th2,sls
th3,sls
th4,sls
thr1,sls
thr2,sls
thr3,sls
thr4,sls
tc1,sls
tc2,sls
tc3,sls
tc4,sls
tcr1,sls
tcr2,sls
tcr3,sls
tcr4,sls
f,sls
fe,sls
NEST,sls
ip,ord
im,ord
ipi,ord
imi,ord
ipq,ord
imq,ord
ipr,ord
iq,ord
iq1,ord
iq2,ord
iq3,ord
io,ord
io1,ord
io2,ord
io3,ord
io4,ord
ms,ord
ms1,ord
ms2,ord
s,ord
s1,ord
s2,ord
s3,ord
s4,ord
cd,ord
sp,ord
d,ord
lh,ord
li,ord
li1,ord
li2,ord
li3,ord
li4,ord
lf,ord
lim,ord
lim1,ord
lim2,ord
lim3,ord
lim4,ord
m,ord
mi,ord
nb,ord
p,ord
pc,ord
ph,ord
phi,ord
pi,ord
pi1,ord
pi2,ord
pi3,ord
pr,ord
pmo,ord
pm,ord
pmc,ord
pmr,ord
po,ord
q,ord
q1,ord
q2,ord
q3,ord
q4,ord
qc,ord
qr,ord
qd,ord
qm,ord
qm1,ord
qm2,ord
qm3,ord
tr,ord
th1,ord
th2,ord
th3,ord
th4,ord
thr1,ord
thr2,ord
thr3,ord
thr4,ord
tc1,ord
tc2,ord
tc3,ord
tc4,ord
tcr1,ord
tcr2,ord
tcr3,ord
tcr4,ord
f,ord
fe,ord
NEST,ord
ip,add
im,add
ipi,add
imi,add
ipq,add
imq,add
ipr,add
iq,add
iq1,add
iq2,add
iq3,add
io,add
io1,add
io2,add
io3,add
io4,add
ms,add
ms1,add
ms2,add
s,add
s1,add
s2,add
s3,add
s4,add
cd,add
sp,add
d,add
lh,add
li,add
li1,add
li2,add
li3,add
li4,add
lf,add
lim,add
lim1,add
lim2,add
lim3,add
lim4,add
m,add
mi,add
nb,add
p,add
pc,add
ph,add
phi,add
pi,add
pi1,add
pi2,add
pi3,add
pr,add
pmo,add
pm,add
pmc,add
pmr,add
po,add
q,add
q1,add
q2,add
q3,add
q4,add
qc,add
qr,add
qd,add
qm,add
qm1,add
qm2,add
qm3,add
cls,add
tr,add
th1,add
th2,add
th3,add
th4,add
thr1,add
thr2,add
thr3,add
thr4,add
tc1,add
tc2,add
tc3,add
tc4,add
tcr1,add
tcr2,add
tcr3,add
tcr4,add
f,add
fe,add
NEST,add
c,lit
is,no
ip,no
ipi,no
im,no
imi,no
ili,no
ili1,no
ili2,no
imq,no
ipq,no
iex,no
iq,no
iot,no
io1,no
io2,no
io3,no
io4,no
s,no
s1,no
s2,no
s3,no
NEST,no
ip,it
im,it
ipi,it
imi,it
ipq,it
imq,it
ipr,it
iq,it
iq1,it
iq2,it
iq3,it
io,it
io1,it
io2,it
io3,it
io4,it
ms,it
ms1,it
ms2,it
s,it
s1,it
s2,it
s3,it
s4,it
cd,it
sp,it
d,it
lh,it
li,it
li1,it
li2,it
li3,it
li4,it
lf,it
lim,it
lim1,it
lim2,it
lim3,it
lim4,it
m,it
mi,it
nb,it
p,it
pc,it
ph,it
phi,it
pi,it
pi1,it
pi2,it
pi3,it
pr,it
pmo,it
pm,it
pmc,it
pmr,it
po,it
q,it
q1,it
q2,it
q3,it
q4,it
qc,it
qr,it
qd,it
qm,it
qm1,it
qm2,it
qm3,it
tr,it
th1,it
th2,it
th3,it
th4,it
thr1,it
thr2,it
thr3,it
thr4,it
tc1,it
tc2,it
tc3,it
tc4,it
tcr1,it
tcr2,it
tcr3,it
tcr4,it
f,it
fe,it
x,it
NEST,it
ip,bd
im,bd
ipi,bd
imi,bd
ipq,bd
imq,bd
ipr,bd
iq,bd
iq1,bd
iq2,bd
iq3,bd
io,bd
io1,bd
io2,bd
io3,bd
io4,bd
ms,bd
ms1,bd
ms2,bd
s,bd
s1,bd
s2,bd
s3,bd
s4,bd
cd,bd
sp,bd
d,bd
lh,bd
li,bd
li1,bd
li2,bd
li3,bd
li4,bd
lf,bd
lim,bd
lim1,bd
lim2,bd
lim3,bd
lim4,bd
m,bd
mi,bd
nb,bd
p,bd
pc,bd
ph,bd
phi,bd
pi,bd
pi1,bd
pi2,bd
pi3,bd
pr,bd
pmo,bd
pm,bd
pmc,bd
pmr,bd
po,bd
q,bd
q1,bd
q2,bd
q3,bd
q4,bd
qc,bd
qr,bd
qd,bd
qm,bd
qm1,bd
qm2,bd
qm3,bd
tr,bd
th1,bd
th2,bd
th3,bd
th4,bd
thr1,bd
thr2,bd
thr3,bd
thr4,bd
tc1,bd
tc2,bd
tc3,bd
tc4,bd
tcr1,bd
tcr2,bd
tcr3,bd
tcr4,bd
f,bd
fe,bd
x,bd
NEST,bd
ip,bdit
im,bdit
ipi,bdit
imi,bdit
ipq,bdit
imq,bdit
ipr,bdit
iq,bdit
iq1,bdit
iq2,bdit
iq3,bdit
io,bdit
io1,bdit
io2,bdit
io3,bdit
io4,bdit
ms,bdit
ms1,bdit
ms2,bdit
s,bdit
s1,bdit
s2,bdit
s3,bdit
s4,bdit
cd,bdit
sp,bdit
d,bdit
lh,bdit
li,bdit
li1,bdit
li2,bdit
li3,bdit
li4,bdit
lf,bdit
lim,bdit
lim1,bdit
lim2,bdit
lim3,bdit
lim4,bdit
m,bdit
mi,bdit
nb,bdit
p,bdit
pc,bdit
ph,bdit
phi,bdit
pi,bdit
pi1,bdit
pi2,bdit
pi3,bdit
pr,bdit
pmo,bdit
pm,bdit
pmc,bdit
pmr,bdit
po,bdit
q,bdit
q1,bdit
q2,bdit
q3,bdit
q4,bdit
qc,bdit
qr,bdit
qd,bdit
qm,bdit
qm1,bdit
qm2,bdit
qm3,bdit
tr,bdit
th1,bdit
th2,bdit
th3,bdit
th4,bdit
thr1,bdit
thr2,bdit
thr3,bdit
thr4,bdit
tc1,bdit
tc2,bdit
tc3,bdit
tc4,bdit
tcr1,bdit
tcr2,bdit
tcr3,bdit
tcr4,bdit
f,bdit
fe,bdit
x,bdit
NEST,bdit
ip,em
im,em
ipi,em
imi,em
ipq,em
imq,em
ipr,em
iq,em
iq1,em
iq2,em
iq3,em
io,em
io1,em
io2,em
io3,em
io4,em
ms,em
ms1,em
ms2,em
s,em
s1,em
s2,em
s3,em
s4,em
cd,em
sp,em
d,em
lh,em
li,em
li1,em
li2,em
li3,em
li4,em
lf,em
lim,em
lim1,em
lim2,em
lim3,em
lim4,em
m,em
mi,em
nb,em
p,em
pc,em
ph,em
phi,em
pi,em
pi1,em
pi2,em
pi3,em
pr,em
pmo,em
pm,em
pmc,em
pmr,em
po,em
q,em
q1,em
q2,em
q3,em
q4,em
qc,em
qr,em
qd,em
qm,em
qm1,em
qm2,em
qm3,em
tr,em
th1,em
th2,em
th3,em
th4,em
thr1,em
thr2,em
thr3,em
thr4,em
tc1,em
tc2,em
tc3,em
tc4,em
tcr1,em
tcr2,em
tcr3,em
tcr4,em
f,em
fe,em
x,em
NEST,em
ip,sc
im,sc
ipi,sc
imi,sc
ipq,sc
imq,sc
ipr,sc
iq,sc
iq1,sc
iq2,sc
iq3,sc
io,sc
io1,sc
io2,sc
io3,sc
io4,sc
ms,sc
ms1,sc
ms2,sc
s,sc
s1,sc
s2,sc
s3,sc
s4,sc
cd,sc
sp,sc
d,sc
lh,sc
li,sc
li1,sc
li2,sc
li3,sc
li4,sc
lf,sc
lim,sc
lim1,sc
lim2,sc
lim3,sc
lim4,sc
m,sc
mi,sc
nb,sc
p,sc
pc,sc
ph,sc
phi,sc
pi,sc
pi1,sc
pi2,sc
pi3,sc
pr,sc
pmo,sc
pm,sc
pmc,sc
pmr,sc
po,sc
q,sc
q1,sc
q2,sc
q3,sc
q4,sc
qc,sc
qr,sc
qd,sc
qm,sc
qm1,sc
qm2,sc
qm3,sc
tr,sc
th1,sc
th2,sc
th3,sc
th4,sc
thr1,sc
thr2,sc
thr3,sc
thr4,sc
tc1,sc
tc2,sc
tc3,sc
tc4,sc
tcr1,sc
tcr2,sc
tcr3,sc
tcr4,sc
f,sc
fe,sc
x,sc
NEST,sc
ip,sup
im,sup
ipi,sup
imi,sup
ipq,sup
imq,sup
ipr,sup
iq,sup
iq1,sup
iq2,sup
iq3,sup
io,sup
io1,sup
io2,sup
io3,sup
io4,sup
ms,sup
ms1,sup
ms2,sup
s,sup
s1,sup
s2,sup
s3,sup
s4,sup
cd,sup
sp,sup
d,sup
lh,sup
li,sup
li1,sup
li2,sup
li3,sup
li4,sup
lf,sup
lim,sup
lim1,sup
lim2,sup
lim3,sup
lim4,sup
m,sup
mi,sup
nb,sup
p,sup
pc,sup
ph,sup
phi,sup
pi,sup
pi1,sup
pi2,sup
pi3,sup
pr,sup
pmo,sup
pm,sup
pmc,sup
pmr,sup
po,sup
q,sup
q1,sup
q2,sup
q3,sup
q4,sup
qc,sup
qr,sup
qd,sup
qm,sup
qm1,sup
qm2,sup
qm3,sup
tr,sup
th1,sup
th2,sup
th3,sup
th4,sup
thr1,sup
thr2,sup
thr3,sup
thr4,sup
tc1,sup
tc2,sup
tc3,sup
tc4,sup
tcr1,sup
tcr2,sup
tcr3,sup
tcr4,sup
f,sup
fe,sup
x,sup
NEST,sup
c,pb
lh,fig
li,fig
li1,fig
li2,fig
li3,fig
li4,fig
lf,fig
lim,fig
lim1,fig
lim2,fig
lim3,fig
lim4,fig
m,fig
mi,fig
nb,fig
p,fig
pc,fig
ph,fig
phi,fig
pi,fig
pi1,fig
pi2,fig
pi3,fig
pr,fig
pmo,fig
pm,fig
pmc,fig
pmr,fig
po,fig
q,fig
q1,fig
q2,fig
q3,fig
q4,fig
qc,fig
qr,fig
qd,fig
qm,fig
qm1,fig
qm2,fig
qm3,fig
sp,fig
tr,fig
th1,fig
th2,fig
th3,fig
th4,fig
thr1,fig
thr2,fig
thr3,fig
thr4,fig
tc1,fig
tc2,fig
tc3,fig
tc4,fig
tcr1,fig
tcr2,fig
tcr3,fig
tcr4,fig
ms,fig
ms1,fig
ms2,fig
s,fig
s1,fig
s2,fig
s3,fig
d,fig
ip,fig
ip,jmp
im,jmp
ipi,jmp
imi,jmp
ipq,jmp
imq,jmp
ipr,jmp
iq,jmp
iq1,jmp
iq2,jmp
iq3,jmp
io,jmp
io1,jmp
io2,jmp
io3,jmp
io4,jmp
ms,jmp
ms1,jmp
ms2,jmp
s,jmp
s1,jmp
s2,jmp
s3,jmp
s4,jmp
cd,jmp
sp,jmp
d,jmp
lh,jmp
li,jmp
li1,jmp
li2,jmp
li3,jmp
li4,jmp
lf,jmp
lim,jmp
lim1,jmp
lim2,jmp
lim3,jmp
lim4,jmp
m,jmp
mi,jmp
nb,jmp
p,jmp
pc,jmp
ph,jmp
phi,jmp
pi,jmp
pi1,jmp
pi2,jmp
pi3,jmp
pr,jmp
pmo,jmp
pm,jmp
pmc,jmp
pmr,jmp
po,jmp
q,jmp
q1,jmp
q2,jmp
q3,jmp
q4,jmp
qc,jmp
qr,jmp
qd,jmp
qm,jmp
qm1,jmp
qm2,jmp
qm3,jmp
tr,jmp
th1,jmp
th2,jmp
th3,jmp
th4,jmp
thr1,jmp
thr2,jmp
thr3,jmp
thr4,jmp
tc1,jmp
tc2,jmp
tc3,jmp
tc4,jmp
tcr1,jmp
tcr2,jmp
tcr3,jmp
tcr4,jmp
f,jmp
fe,jmp
x,jmp
NEST,jmp
ip,pro
im,pro
ipi,pro
imi,pro
ipq,pro
imq,pro
ipr,pro
iq,pro
iq1,pro
iq2,pro
iq3,pro
lh,pro
li,pro
li1,pro
li2,pro
li3,pro
li4,pro
lf,pro
lim,pro
lim1,pro
lim2,pro
lim3,pro
lim4,pro
m,pro
mi,pro
nb,pro
p,pro
pc,pro
ph,pro
phi,pro
pi,pro
pi1,pro
pi2,pro
pi3,pro
pr,pro
pmo,pro
pm,pro
pmc,pro
pmr,pro
po,pro
q,pro
q1,pro
q2,pro
q3,pro
q4,pro
qc,pro
qr,pro
qd,pro
qm,pro
qm1,pro
qm2,pro
qm3,pro
sp,pro
tr,pro
th1,pro
th2,pro
th3,pro
th4,pro
thr1,pro
thr2,pro
thr3,pro
thr4,pro
tc1,pro
tc2,pro
tc3,pro
tc4,pro
tcr1,pro
tcr2,pro
tcr3,pro
tcr4,pro
ms,pro
ms1,pro
ms2,pro
s,pro
s1,pro
s2,pro
s3,pro
d,pro
ip,pro
f,pro
fe,pro
NEST,pro
ip,rb
im,rb
ipi,rb
imi,rb
ipq,rb
imq,rb
ipr,rb
iq,rb
iq1,rb
iq2,rb
iq3,rb
io,rb
io1,rb
io2,rb
io3,rb
io4,rb
lh,rb
li,rb
li1,rb
li2,rb
li3,rb
li4,rb
lf,rb
lim,rb
lim1,rb
lim2,rb
lim3,rb
lim4,rb
m,rb
mi,rb
nb,rb
p,rb
pc,rb
ph,rb
phi,rb
pi,rb
pi1,rb
pi2,rb
pi3,rb
pr,rb
pmo,rb
pm,rb
pmc,rb
pmr,rb
po,rb
q,rb
q1,rb
q2,rb
q3,rb
q4,rb
qc,rb
qr,rb
qd,rb
qm,rb
qm1,rb
qm2,rb
qm3,rb
sp,rb
tr,rb
th1,rb
th2,rb
th3,rb
th4,rb
thr1,rb
thr2,rb
thr3,rb
thr4,rb
tc1,rb
tc2,rb
tc3,rb
tc4,rb
tcr1,rb
tcr2,rb
tcr3,rb
tcr4,rb
ms,rb
ms1,rb
ms2,rb
s,rb
s1,rb
s2,rb
s3,rb
d,rb
ip,rb
f,rb
fe,rb
NEST,rb
ip,w
im,w
ipi,w
imi,w
ipq,w
imq,w
ipr,w
iq,w
iq1,w
iq2,w
iq3,w
io,w
io1,w
io2,w
io3,w
io4,w
ms,w
ms1,w
ms2,w
s,w
s1,w
s2,w
s3,w
s4,w
cd,w
sp,w
d,w
lh,w
li,w
li1,w
li2,w
li3,w
li4,w
lf,w
lim,w
lim1,w
lim2,w
lim3,w
lim4,w
m,w
mi,w
nb,w
p,w
pc,w
ph,w
phi,w
pi,w
pi1,w
pi2,w
pi3,w
pr,w
pmo,w
pm,w
pmc,w
pmr,w
po,w
q,w
q1,w
q2,w
q3,w
q4,w
qc,w
qr,w
qd,w
qm,w
qm1,w
qm2,w
qm3,w
tr,w
th1,w
th2,w
th3,w
th4,w
thr1,w
thr2,w
thr3,w
thr4,w
tc1,w
tc2,w
tc3,w
tc4,w
tcr1,w
tcr2,w
tcr3,w
tcr4,w
f,w
fe,w
x,w
NEST,w
ip,wh
im,wh
ipi,wh
imi,wh
ipq,wh
imq,wh
ipr,wh
iq,wh
iq1,wh
iq2,wh
iq3,wh
io,wh
io1,wh
io2,wh
io3,wh
io4,wh
ms,wh
ms1,wh
ms2,wh
s,wh
s1,wh
s2,wh
s3,wh
s4,wh
cd,wh
sp,wh
d,wh
lh,wh
li,wh
li1,wh
li2,wh
li3,wh
li4,wh
lf,wh
lim,wh
lim1,wh
lim2,wh
lim3,wh
lim4,wh
m,wh
mi,wh
nb,wh
p,wh
pc,wh
ph,wh
phi,wh
pi,wh
pi1,wh
pi2,wh
pi3,wh
pr,wh
pmo,wh
pm,wh
pmc,wh
pmr,wh
po,wh
q,wh
q1,wh
q2,wh
q3,wh
q4,wh
qc,wh
qr,wh
qd,wh
qm,wh
qm1,wh
qm2,wh
qm3,wh
tr,wh
th1,wh
th2,wh
th3,wh
th4,wh
thr1,wh
thr2,wh
thr3,wh
thr4,wh
tc1,wh
tc2,wh
tc3,wh
tc4,wh
tcr1,wh
tcr2,wh
tcr3,wh
tcr4,wh
f,wh
fe,wh
x,wh
NEST,wh
ip,wg
im,wg
ipi,wg
imi,wg
ipq,wg
imq,wg
ipr,wg
iq,wg
iq1,wg
iq2,wg
iq3,wg
io,wg
io1,wg
io2,wg
io3,wg
io4,wg
ms,wg
ms1,wg
ms2,wg
s,wg
s1,wg
s2,wg
s3,wg
s4,wg
cd,wg
sp,wg
d,wg
lh,wg
li,wg
li1,wg
li2,wg
li3,wg
li4,wg
lf,wg
lim,wg
lim1,wg
lim2,wg
lim3,wg
lim4,wg
m,wg
mi,wg
nb,wg
p,wg
pc,wg
ph,wg
phi,wg
pi,wg
pi1,wg
pi2,wg
pi3,wg
pr,wg
pmo,wg
pm,wg
pmc,wg
pmr,wg
po,wg
q,wg
q1,wg
q2,wg
q3,wg
q4,wg
qc,wg
qr,wg
qd,wg
qm,wg
qm1,wg
qm2,wg
qm3,wg
tr,wg
th1,wg
th2,wg
th3,wg
th4,wg
thr1,wg
thr2,wg
thr3,wg
thr4,wg
tc1,wg
tc2,wg
tc3,wg
tc4,wg
tcr1,wg
tcr2,wg
tcr3,wg
tcr4,wg
f,wg
fe,wg
x,wg
NEST,wg
ip,wa
im,wa
ipi,wa
imi,wa
ipq,wa
imq,wa
ipr,wa
iq,wa
iq1,wa
iq2,wa
iq3,wa
io,wa
io1,wa
io2,wa
io3,wa
io4,wa
ms,wa
ms1,wa
ms2,wa
s,wa
s1,wa
s2,wa
s3,wa
s4,wa
cd,wa
sp,wa
d,wa
lh,wa
li,wa
li1,wa
li2,wa
li3,wa
li4,wa
lf,wa
lim,wa
lim1,wa
lim2,wa
lim3,wa
lim4,wa
m,wa
mi,wa
nb,wa
p,wa
pc,wa
ph,wa
phi,wa
pi,wa
pi1,wa
pi2,wa
pi3,wa
pr,wa
pmo,wa
pm,wa
pmc,wa
pmr,wa
po,wa
q,wa
q1,wa
q2,wa
q3,wa
q4,wa
qc,wa
qr,wa
qd,wa
qm,wa
qm1,wa
qm2,wa
qm3,wa
tr,wa
th1,wa
th2,wa
th3,wa
th4,wa
thr1,wa
thr2,wa
thr3,wa
thr4,wa
tc1,wa
tc2,wa
tc3,wa
tc4,wa
tcr1,wa
tcr2,wa
tcr3,wa
tcr4,wa
f,wa
fe,wa
x,wa
NEST,wa
ip,ndx
im,ndx
ipi,ndx
imi,ndx
ipq,ndx
imq,ndx
ipr,ndx
iq,ndx
iq1,ndx
iq2,ndx
iq3,ndx
io,ndx
io1,ndx
io2,ndx
io3,ndx
io4,ndx
ms,ndx
ms1,ndx
ms2,ndx
s,ndx
s1,ndx
s2,ndx
s3,ndx
s4,ndx
cd,ndx
sp,ndx
d,ndx
lh,ndx
li,ndx
li1,ndx
li2,ndx
li3,ndx
li4,ndx
lf,ndx
lim,ndx
lim1,ndx
lim2,ndx
lim3,ndx
lim4,ndx
m,ndx
mi,ndx
nb,ndx
p,ndx
pc,ndx
ph,ndx
phi,ndx
pi,ndx
pi1,ndx
pi2,ndx
pi3,ndx
pr,ndx
pmo,ndx
pm,ndx
pmc,ndx
pmr,ndx
po,ndx
q,ndx
q1,ndx
q2,ndx
q3,ndx
q4,ndx
qc,ndx
qr,ndx
qd,ndx
qm,ndx
qm1,ndx
qm2,ndx
qm3,ndx
tr,ndx
th1,ndx
th2,ndx
th3,ndx
th4,ndx
thr1,ndx
thr2,ndx
thr3,ndx
thr4,ndx
tc1,ndx
tc2,ndx
tc3,ndx
tc4,ndx
tcr1,ndx
tcr2,ndx
tcr3,ndx
tcr4,ndx
f,ndx
fe,ndx
x,ndx
NEST,ndx
id,p1
id,p2
id,k1
id,k2
p,xtSee
p,xtSeeAlso
c,ph
c,ph1
c,ph2
c,ph3
c,phi
c,tr1
c,tr2
c,ps
c,psi
f,fs
fe,fs
ms,wr
s,wr
lh,wr
li,wr
li1,wr
li2,wr
li3,wr
li4,wr
lf,wr
lim,wr
lim1,wr
lim2,wr
lim3,wr
lim4,wr
m,wr
mi,wr
nb,wr
p,wr
pc,wr
ph,wr
phi,wr
pi,wr
pi1,wr
pi2,wr
pi3,wr
pr,wr
po,wr
q,wr
q1,wr
q2,wr
q3,wr
q4,wr
qc,wr
qr,wr
qd,wr
tc1,wr
tc2,wr
tc3,wr
tc4,wr
f,wr
fe,wr
NEST,wr
id,pub
id,toc
id,pref
id,intro
id,conc
id,glo
id,idx
id,maps
id,cov
id,spine
id,pubinfo
ide,pubinfo
id,zpa-xb
id,zpa-xc
id,zpa-xv
